doctor_id,hospital_id,first_name,last_name,date_of_birth,address
1,17,Charlie,Robinson,1988-06-14,"12 Park Lane, Willand, UK"
2,1,Hugo,Black,1965-11-13,"42 Harbour Road, Cullompton, UK"
3,29,Sienna,Fox,1979-03-09,"29 St Marys Road, Topsham, UK"
4,5,Annabelle,Hall,1984-06-21,"150 Church Street, Tipton St John, UK"
5,36,Ethan,Collins,1965-09-19,"94 Park Road, Sampford Peverell, UK"
6,3,Jaxon,Turner,1990-08-05,"27 Elm Road, Stockland, UK"
7,23,Willow,Cook,1987-11-03,"61 Court Road, Kenton, UK"
8,11,Edward,Cook,1961-02-10,"86 The Green, Musbury, UK"
9,27,Lottie,Spencer,1971-02-17,"180 Birch Road, Mamhead, UK"
10,7,Rory,Taylor,1981-02-10,"118 Bridge Street, Copplestone, UK"
11,23,Dylan,Hill,1969-12-31,"50 Church Road, Dalwood, UK"
12,26,Hugo,King,1963-02-11,"165 Maple Avenue, Honiton, UK"
13,33,Isla,Holt,1984-01-20,"30 Grosvenor Road, Starcross, UK"
14,17,Edward,Gray,1971-11-28,"153 Church Street, Broadclyst, UK"
15,28,Louis,Owen,1995-04-11,"156 George Street, Lyme Regis, UK"
16,33,Henry,Griffiths,1985-11-11,"12 The Close, Killerton, UK"
17,28,Oliver,Ellis,1984-02-25,"190 New Street, Whitford, UK"
18,13,Roman,Collins,1963-02-20,"160 Short Street, Whimple, UK"
19,21,Aria,White,1992-04-14,"80 Richmond Road, Clyst St George, UK"
20,27,Reuben,Kelly,1991-04-11,"33 Clarence Road, Woodbury Salterton, UK"
21,13,Ava,Graham,1977-01-02,"45 Old Road, Colyford, UK"
22,40,Elsie,Morgan,1978-03-20,"78 St Johns Road, Exeter, UK"
23,19,Arthur,Collins,1995-03-31,"168 Prospect Road, Awliscombe, UK"
24,21,Lily,Bell,1979-11-01,"131 Old Road, Bow, UK"
25,31,Imogen,Harris,1989-07-21,"132 Park Avenue, Uffculme, UK"
26,40,Hugo,Robinson,1993-09-10,"80 Chapel Street, Upottery, UK"
27,15,Daniel,Green,1961-02-04,"122 Park Road, Silverton, UK"
28,40,Oscar,Murphy,1978-08-04,"50 Market Road, Otterton, UK"
29,25,Charlotte,Kelly,1970-12-11,"177 East Street, Kilmington, UK"
30,1,Ivy,Black,1964-10-12,"46 Park Lane, North Tawton, UK"
31,34,Lily,Wilson,1985-01-01,"117 Elm Road, Heavitree, UK"
32,9,Lily,Graham,1983-10-29,"82 St Marys Road, Honiton, UK"
33,29,Rosie,Berry,1982-08-23,"115 Park Lane, Woodbury Salterton, UK"
34,11,Elizabeth,Cox,1980-03-09,"64 Cedar Road, Farway, UK"
35,18,Alice,Khan,1988-02-11,"113 Chapel Street, Willand, UK"
36,5,Luna,Baker,1970-07-08,"82 Birch Road, Whimple, UK"
37,35,William,Hughes,1966-10-07,"178 School Lane, Sidbury, UK"
38,10,Eleanor,Martin,1962-11-18,"85 Church Lane, Beer, UK"
39,35,Lily,Carter,1962-10-17,"100 Mill Road, Axminster, UK"
40,38,Heidi,Williams,1994-05-05,"123 St Peters Road, Sidmouth, UK"
41,1,Jaxon,Morgan,1993-10-18,"138 Meadow Lane, Axminster, UK"
42,35,Chloe,Cooper,1981-11-25,"112 Bridge Street, Kentisbeare, UK"
43,32,Jack,Griffiths,1975-01-29,"104 Short Street, Upottery, UK"
44,11,Lily,Edwards,1987-11-30,"101 West Road, Starcross, UK"
45,38,Elsie,Lloyd,1961-03-20,"110 Park Avenue, Payhembury, UK"
46,9,Lily,Patel,1962-04-03,"84 Cedar Road, Sidmouth, UK"
47,14,Ella,Scott,1975-02-20,"72 Summerhill Road, Sidmouth, UK"
48,27,Benjamin,Roberts,1981-02-04,"139 Main Road, Colyford, UK"
49,4,Louis,Cooper,1989-02-28,"11 Green Lane, Kilmington, UK"
50,2,Harrison,Wood,1960-11-29,"62 Market Street, Kenton, UK"
51,9,Evie,Graham,1965-02-17,"120 St Marks Road, Bow, UK"
52,17,Toby,Harris,1987-03-06,"184 Riverside, Colyford, UK"
53,8,Alexander,Allen,1964-11-06,"80 Prospect Road, Starcross, UK"
54,37,Zara,Young,1977-10-16,"20 Firs Avenue, Copplestone, UK"
55,38,Annabelle,Thomson,1970-11-22,"198 Kingsway, Branscombe, UK"
56,20,Thea,Stevens,1965-06-06,"89 St Marks Road, Teignmouth, UK"
57,35,Grace,Lloyd,1976-08-15,"166 Green Lane, Clyst St George, UK"
58,22,George,Carter,1981-12-27,"93 Kingsway, Lyme Regis, UK"
59,30,Eleanor,Hall,1979-07-15,"134 The Green, Shute, UK"
60,18,Rosie,Singh,1994-09-30,"112 Willow Road, Rewe, UK"
61,38,Finley,Scott,1971-01-05,"116 Queen Street, Willand, UK"
62,16,Ivy,Miller,1985-07-24,"98 River Street, Stockland, UK"
63,22,Jack,Marshall,1974-07-31,"55 The Grove, Huxham, UK"
64,23,Mason,Watson,1972-07-17,"71 Valley Road, Branscombe, UK"
65,36,George,Ellis,1968-07-27,"185 Park Avenue, Bickleigh, UK"
66,27,Isabella,Foster,1994-01-03,"122 Chapel Street, Weston, UK"
67,32,Poppy,Williams,1964-03-04,"104 Clarence Road, North Tawton, UK"
68,16,Dylan,Lloyd,1986-02-01,"142 Broad Lane, Brampford Speke, UK"
69,34,Louis,Shaw,1993-06-17,"91 St Johns Road, Whimple, UK"
70,30,Finley,Allen,1971-04-11,"185 School Lane, Heavitree, UK"
71,13,Zachary,White,1993-04-28,"177 West Road, Gittisham, UK"
72,12,Max,Martin,1993-02-17,"186 Willow Road, Willand, UK"
73,38,Georgia,Adams,1986-10-08,"50 Springfield Road, Cranbrook, UK"
74,19,Logan,Price,1968-01-18,"182 Richmond Road, Topsham, UK"
75,35,Freddie,King,1962-01-15,"75 London Road, Woodbury Salterton, UK"
76,9,Millie,Holmes,1982-01-07,"147 Kingsway, Topsham, UK"
77,19,Evie,Richards,1979-10-04,"14 Broadway, Tedburn St Mary, UK"
78,17,Jessica,Walker,1962-12-06,"19 Hill Road, Huxham, UK"
79,37,Maya,Jenkins,1962-05-28,"145 The Avenue, Kenton, UK"
80,20,William,Morris,1965-04-24,"107 St Marys Road, Gittisham, UK"
81,39,Emma,Matthews,1970-02-14,"116 South Road, Sidmouth, UK"
82,29,Teddy,Rose,1979-03-27,"159 Albert Road, East Budleigh, UK"
83,4,Rosie,Spencer,1964-06-13,"161 Summerhill Road, Morchard Bishop, UK"
84,14,Mason,Lloyd,1963-08-23,"45 The Crescent, Bickleigh, UK"
85,36,Oscar,Lewis,1960-02-13,"177 Hill Street, Burlescombe, UK"
86,39,Evie,Harrison,1961-06-18,"181 School Lane, Uffculme, UK"
87,19,Heidi,Murphy,1963-03-12,"68 New Street, Thorverton, UK"
88,38,Aria,Wood,1979-01-26,"58 New Road, Woodbury, UK"
89,10,Finley,Green,1963-03-15,"79 Victoria Road, Shillingford St George, UK"
90,39,Elizabeth,Chapman,1972-12-11,"120 Manor Lane, Heavitree, UK"
91,20,Heidi,Kelly,1972-03-18,"127 Fairfield Road, Woodbury, UK"
92,29,William,Stevens,1961-10-15,"83 College Road, Musbury, UK"
93,39,Benjamin,Brown,1964-02-05,"148 School Lane, Upottery, UK"
94,38,Harry,Moss,1990-02-26,"11 Birch Road, Otterton, UK"
95,12,Evie,Ellis,1989-03-23,"47 Manor Lane, Willand, UK"
96,38,Sophia,Lawrence,1982-01-21,"90 Queen Street, Brampford Speke, UK"
97,27,Hugo,Scott,1990-01-22,"85 Kingsway, Mamhead, UK"
98,27,Annabelle,Marshall,1972-12-05,"195 Long Lane, Colyton, UK"
99,36,Jacob,Murphy,1963-12-13,"83 George Street, Killerton, UK"
100,8,Isla,Simpson,1960-01-19,"119 Long Lane, Woodbury, UK"
